,palavras,rank_global_peso
0,SERAO,1
1,TERAO,2
2,LERAO,3
3,VERAO,4
4,MEIAO,5
5,CORAS,6
6,SENAO,7
7,CERAS,8
8,MORAS,9
9,ROIAS,10
10,TESAO,11
11,SECAO,12
12,TORAS,13
13,MERAS,14
14,PORAS,15
15,LESAO,16
16,TERAS,17
17,PAREO,18
18,FORAS,19
19,MELAO,20
20,PERAS,21
21,GORAS,22
22,LERAS,23
23,CEIAS,24
24,MOIAS,25
25,NORAS,26
26,TELAO,27
27,ROSEA,28
28,FERAS,29
29,DERAS,30
30,VERAS,31
31,HORAS,32
32,PIRAO,33
33,GERAS,34
34,MEIAS,35
35,TEIAS,36
36,DIRAO,37
37,VIRAO,38
38,ZERAS,39
39,HERAS,40
40,DOIAS,41
41,BOIAS,42
42,DEMAO,43
43,GOIAS,44
44,LEIAS,45
45,ROLAS,46
46,ROTAS,47
47,FEIAS,48
48,ROTEA,49
49,ROMAS,50
50,ROCAS,51
51,VEIAS,52
52,JOIAS,53
53,GEIAS,54
54,RENAS,55
55,COLAS,56
56,CISAO,57
57,RETAS,58
58,NEGAO,59
59,COTAS,60
60,REMAS,61
61,RODAS,62
62,COMAS,63
63,RODEA,64
64,MARES,65
65,CORAI,66
66,ROGAS,67
67,RAIES,68
68,CELAS,69
69,MOLAS,70
70,CENAS,71
71,ROXAS,72
72,TOLAS,73
73,MOCAS,74
74,SIMAO,75
75,MORAI,76
76,REGAS,77
77,PARES,78
78,CODEA,79
79,EIRAS,80
80,LARES,81
81,CAIES,82
82,MELAS,83
83,SERIA,84
84,COPAS,85
85,MIRAS,86
86,COVAS,87
87,TOMAS,88
88,TOCAS,89
89,LONAS,90
90,METAS,91
91,FURAO,92
92,REZAS,93
93,REJAS,94
94,DARES,95
95,TELAS,96
96,VARES,97
97,MECAS,98
98,LOTAS,99
99,COZAS,100
100,CEDAS,101
101,MODAS,102
102,COXAS,103
103,POCAS,104
104,TIRAS,105
105,LOTEA,106
106,BARES,107
107,LOCAS,108
108,CEGAS,109
109,LEOAS,110
110,DONAS,111
111,VISAO,112
112,PELAS,113
113,BOLAS,114
114,PENAS,115
115,BISAO,116
116,MOVAS,117
117,TEMAS,118
118,GOLAS,119
119,TECAS,120
120,TODAS,121
121,DOTAS,122
122,GOLEA,123
123,CORAM,124
124,VOTAS,125
125,FOCAS,126
126,LIRAS,127
127,MOFAS,128
128,TOGAS,129
129,MARIO,130
130,SIFAO,131
131,BOTAS,132
132,DOMAS,133
133,DOCAS,134
134,GOTAS,135
135,TOPAS,136
136,PECAS,137
137,BOCAS,138
138,NOTAS,139
139,PODAS,140
140,GOMAS,141
141,LEMAS,142
142,DELAS,143
143,FIRAS,144
144,GORAI,145
145,VELAS,146
146,DIRAS,147
147,ZONAS,148
148,BELAS,149
149,NOMEA,150
150,PILAO,151
151,VIRAS,152
152,PORIA,153
153,GELAS,154
154,TIMAO,155
155,TICAO,156
156,NELAS,157
157,GIRAS,158
158,VETAS,159
159,ROIAM,160
160,LOBAS,161
161,TERIA,162
162,MEXAS,163
163,BECAS,164
164,PICAO,165
165,FILAO,166
166,NETAS,167
167,BODAS,168
168,GEMAS,169
169,SORTA,170
170,VAIES,171
171,LIMAO,172
172,LICAO,173
173,LOJAS,174
174,GERAI,175
175,PEGAS,176
176,VILAO,177
177,DOPAS,178
178,ZELAS,179
179,LEGAS,180
180,RALES,181
181,LERIA,182
182,AUREO,183
183,LEVAS,184
184,FEDAS,185
185,VARIO,186
186,CURAS,187
187,NOVAS,188
188,BARIO,189
189,CAROS,190
190,JECAS,191
191,VEDAS,192
192,ZERAI,193
193,FERIA,194
194,CORTA,195
195,JOGAS,196
196,BOXEA,197
197,GOZAS,198
198,VERIA,199
199,DEVAS,200
200,FORAM,201
201,SAREI,202
202,NEGAS,203
203,GERIA,204
204,ROLAI,205
205,CRIAS,206
206,CALES,207
207,SOLAI,208
208,REMOA,209
209,NEVAS,210
210,MURAS,211
211,GORAM,212
212,LERAM,213
213,CEIAM,214
214,RUIAS,215
215,VEJAS,216
216,VEXAS,217
217,RAIOS,218
218,CATES,219
219,COSIA,220
220,CERTA,221
221,MORTA,222
222,CAIRO,223
223,AIRES,224
224,ROCAI,225
225,LIXAO,226
226,TOSAI,227
227,SOMAI,228
228,SOCAI,229
229,SUDAO,230
230,CORAL,231
231,FUSAO,232
232,SORVA,233
233,DERAM,234
234,RIMAS,235
235,RAPES,236
236,RICAS,237
237,MALES,238
238,CORDA,239
239,MANES,240
240,COLAI,241
241,SELAI,242
242,GERAM,243
243,POSAI,244
244,GIBAO,245
245,PURAS,246
246,CARMO,247
247,CUIAS,248
248,MATES,249
249,COTAI,250
250,CARDO,251
251,MORSA,252
252,REMAI,253
253,RAJES,254
254,RECAI,255
255,PORTA,256
256,RODAI,257
257,IRMAO,258
258,SEITA,259
259,SECAI,260
260,COSAM,261
261,MORAL,262
262,ROGAI,263
263,REBOA,264
264,SERVA,265
265,FURAS,266
266,CITAS,267
267,FAROS,268
268,ZERAM,269
269,PARTO,270
270,DOSAI,271
271,DURAS,272
272,SOCIA,273
273,CERDA,274
274,MORDA,275
275,DOIAM,276
276,CAPES,277
277,ROIDA,278
278,BOIAR,279
279,CAVES,280
280,PESAI,281
281,RELIA,282
282,CARGO,283
283,SOVAI,284
284,CORJA,285
285,LOIRA,286
286,BOIAM,287
287,MARCO,288
288,LESAI,289
289,CABES,290
290,SAREM,291
291,CAFES,292
292,RIPAS,293
293,LEIAM,294
294,SACIO,295
295,TORCA,296
296,ROLAM,297
297,MINAS,298
298,SOLAR,299
299,SAIMO,300
300,CESAR,301
301,PAIRO,302
302,MORNA,303
303,FARTO,304
304,LATES,305
305,RIBAS,306
306,FRIAS,307
307,MOITA,308
308,SOLAM,309
309,FALES,310
310,COISA,311
311,SAIDO,312
312,RIFAS,313
313,REGAI,314
314,TORAX,315
315,PAREI,316
316,REMIA,317
317,LACES,318
318,IATES,319
319,DANES,320
320,MOERA,321
321,VALES,322
322,PORCA,323
323,UNIAO,324
324,COMIA,325
325,RIJAS,326
326,RIXAS,327
327,MERDA,328
328,MELAI,329
329,TARDO,330
330,BALES,331
331,TINAS,332
332,JURAS,333
333,BANES,334
334,TOSAR,335
335,ROCAM,336
336,SOMAR,337
337,SOCAR,338
338,TORNA,339
339,GANES,340
340,TOMAI,341
341,TOCAI,342
342,DATES,343
343,TOSAM,344
344,SOCAM,345
345,RADIO,346
346,CELIA,347
347,FACES,348
348,VERTA,349
349,PARCO,350
350,GEIAM,351
351,HORTA,352
352,FAREI,353
353,TERCA,354
354,RASTO,355
355,BATES,356
356,COLAR,357
357,CAIMO,358
358,SADIO,359
359,SELAR,360
360,REZAI,361
361,FORMA,362
362,PARDO,363
363,PERSA,364
364,DAREI,365
365,FORCA,366
366,POSAR,367
367,COLAM,368
368,VAREI,369
369,SELAM,370
370,TAPES,371
371,REINA,372
372,LOTAI,373
373,CAIDO,374
374,FEIRA,375
375,POSAM,376
376,LOCAI,377
377,COTAR,378
378,CEGAI,379
379,PERCA,380
380,PARIS,381
381,TUFAO,382
382,RESTA,383
383,XALES,384
384,SEIVA,385
385,SEDIA,386
386,COTAM,387
387,REGIA,388
388,BEIRA,389
389,PERDA,390
390,BORDA,391
391,PELAI,392
392,BOLAI,393
393,VORAZ,394
394,SECAR,395
395,NORMA,396
396,PENAI,397
397,SABIO,398
398,TERNA,399
399,COSTA,400
400,PICAS,401
401,RODAM,402
402,FILAS,403
403,FARDO,404
404,GORDA,405
405,FINAS,406
406,LERDA,407
407,TAXES,408
408,MOIDA,409
409,COIBA,410
410,SECAM,411
411,PARVO,412
412,LIMAS,413
413,DOTAI,414
414,REVIA,415
415,ROGAM,416
416,LAVES,417
417,BARCO,418
418,PERUA,419
419,VOTAI,420
420,RAIEM,421
421,FOCAI,422
422,VILAS,423
423,MACIO,424
424,POLIA,425
425,DOSAR,426
426,VERSA,427
427,COPIA,428
428,COIFA,429
429,LARGO,430
430,MOFAI,431
431,SEPIA,432
432,ROSCA,433
433,MOLAR,434
434,BOTAI,435
435,DOMAI,436
436,BARDO,437
437,DOSAM,438
438,GUIAS,439
439,SACRO,440
440,FITAS,441
441,CASTO,442
442,VADES,443
443,PESAR,444
444,COESA,445
445,PERNA,446
446,SOVAR,447
447,RALOS,448
448,CAIBO,449
449,TOPAI,450
450,PAZES,451
451,TIDAS,452
452,PEITA,453
453,METIA,454
454,DITAS,455
455,PECAI,456
456,LESAR,457
457,PUXAO,458
458,PESAM,459
459,NOTAI,460
460,DOERA,461
461,PODAI,462
462,NARDO,463
463,FICAS,464
464,SOVAM,465
465,LAJES,466
466,FERAZ,467
467,LESAM,468
468,GERAL,469
469,CAVIO,470
470,DICAS,471
471,VELAI,472
472,FORJA,473
473,COZIA,474
474,NADES,475
475,CEDIA,476
476,HORDA,477
477,FOLIA,478
478,CRUAS,479
479,GARIS,480
480,MIJAS,481
481,RATOS,482
482,SOLTA,483
483,CESTA,484
484,BICAS,485
485,OBRAS,486
486,ROSNA,487
487,GELAI,488
488,ENTAO,489
489,PATIO,490
490,ESTAO,491
491,RUMAS,492
492,RAMOS,493
493,REGAM,494
494,FAZES,495
495,LIDAS,496
496,SOGRA,497
497,VETAI,498
498,FEITA,499
499,RESMA,500
500,PAREM,501
501,FUJAO,502
502,CEIFA,503
503,CASEI,504
504,CORES,505
505,MELAR,506
506,NAVES,507
507,BUFAO,508
508,MOVIA,509
509,FERVA,510
510,DEITA,511
511,DECAI,512
512,GABES,513
513,TEMIA,514
514,TECIA,515
515,CAIEM,516
516,POLAR,517
517,LIGAS,518
518,SALTO,519
519,VAZES,520
520,SOPRA,521
521,ORLAS,522
522,TEIMA,523
523,SANTO,524
524,LACIO,525
525,POETA,526
526,BERNA,527
527,ORNAS,528
528,GARBO,529
529,TOMAR,530
530,TOCAR,531
531,VERGA,532
532,BUJAO,533
533,LAICO,534
534,RASGO,535
535,SAGRO,536
536,SOBRA,537
537,GAROE,538
538,CALOS,539
539,TOCAM,540
540,GARFO,541
541,CANOS,542
542,FATIO,543
543,COEVA,544
544,SOFRA,545
545,PIFAS,546
546,VERBA,547
547,RASPO,548
548,PEGAI,549
549,DOPAI,550
550,ZELAI,551
551,MEIGA,552
552,HERDA,553
553,MEDIA,554
554,FIGAS,555
555,VIDAS,556
556,NEVOA,557
557,PODIA,558
558,PROAS,559
559,LOTAR,560
560,LEGAI,561
561,REZAM,562
562,REJAM,563
563,CONTA,564
564,MOEDA,565
565,SENTA,566
566,DAREM,567
567,POMAR,568
568,MOURA,569
569,DIGAS,570
570,RALEI,571
571,ORCAS,572
572,POSTA,573
573,VAREM,574
574,CHIAS,575
575,LOTAM,576
576,VIGAS,577
577,COZAM,578
578,CEDAM,579
579,VENIA,580
580,SEJAM,581
581,PEIDA,582
582,DOLAR,583
583,LOCAR,584
584,CEGAR,585
585,TIRAM,586
586,LIXAS,587
587,ZARPO,588
588,BIGAS,589
589,LEVAI,590
590,RONCA,591
591,SANEI,592
592,MORES,593
593,DIVAS,594
594,LOCAM,595
595,CEGAM,596
596,CURAI,597
597,RUGAS,598
598,MACRO,599
599,PELAR,600
600,BOLAR,601
601,CANTO,602
602,JAZES,603
603,PENAR,604
604,RONDA,605
605,MOSCA,606
606,VEDAI,607
607,PASTO,608
608,MOELA,609
609,PELAM,610
610,BOLAM,611
611,SOLDA,612
612,PENAM,613
613,DOTAR,614
614,SONDA,615
615,MULAS,616
616,COBRA,617
617,TECAM,618
618,VOTAR,619
619,FOCAR,620
620,FIXAS,621
621,JOGAI,622
622,RANCO,623
623,UIVAS,624
624,GOZAI,625
625,BOINA,626
626,MANOS,627
627,MOFAR,628
628,DOTAM,629
629,SALMO,630
630,ERGAS,631
631,BOTAR,632
632,DOMAR,633
633,VOTAM,634
634,FOCAM,635
635,MEXIA,636
636,POEMA,637
637,PAVIO,638
638,MASCO,639
639,RABOS,640
640,TENRA,641
641,RUFAS,642
642,CELTA,643
643,PEDIA,644
644,BROAS,645
645,BOTAM,646
646,ROUCA,647
647,MONTA,648
648,GEMIA,649
649,TOPAR,650
650,SALDO,651
651,TOSCA,652
652,PECAR,653
653,NOTAR,654
654,NEGAI,655
655,LEIGA,656
656,BOSTA,657
657,ERVAS,658
658,PODAR,659
659,MATOS,660
660,CAUTO,661
661,HAREM,662
662,RENAL,662
663,BAILO,663
664,TOPAM,664
665,RUJAS,665
666,LABIO,666
667,PECAM,667
668,NOIVA,668
669,CALEI,669
670,GOSTA,670
671,NOTAM,671
672,FOBIA,672
673,PODAM,673
674,VADIO,674
675,VELAR,675
676,TALOS,676
677,LOURA,677
678,IRMAS,678
679,MACOS,679
680,RAPTO,680
681,FIRAM,681
682,NEVAI,682
683,MURAI,683
684,PORES,684
685,VASTO,685
686,VELAM,686
687,RENDA,687
688,MANTO,688
689,VEJAI,689
690,CANSO,690
691,VEXAI,691
692,ROLHA,692
693,GELAR,693
694,URNAS,694
695,BASTO,695
696,OUCAS,696
697,VIRAM,697
698,FEDIA,698
699,SENDA,699
700,LACRO,700
701,MAGRO,701
702,CATEI,702
703,GASTO,703
704,GELAM,704
705,CURIA,705
706,VETAR,706
707,FRUAS,707
708,PULAS,708
709,SONHA,709
710,FESTA,710
711,SAUDO,711
712,CALMO,712
713,SALGO,713
714,SALVO,714
715,PUNAS,715
716,PANOS,716
717,GIRAM,717
718,VETAM,718
719,DESTA,719
720,BAIXO,720
721,ORFAS,721
722,UNCAO,722
723,CASEM,723
724,PASMO,724
725,DOURA,725
726,TACOS,726
727,RALHO,727
728,LETRA,728
729,ROMPA,729
730,CALDO,730
731,MENTA,731
732,MEDRA,732
733,CUBAS,733
734,FORES,734
735,CABOS,735
736,ROUPA,736
737,BESTA,737
738,PONTA,738
739,RANJO,739
740,SERIO,740
741,LASCO,741
742,NAVIO,742
743,ROCHA,743
744,RELVA,744
745,PUTAS,745
746,ROUBA,746
747,VARIE,747
748,DORES,748
749,RAPEI,749
750,FOSCA,750
751,CAUSO,751
752,PATOS,752
753,DEVIA,753
754,GESTA,754
755,DEIXA,755
756,VAZIO,756
757,PEGAR,757
758,LUTAS,758
759,DOPAR,759
760,ZELAR,760
761,RECUA,761
762,CUJAS,762
763,SELVA,763
764,MUDAS,764
765,NESTA,765
766,VAIEM,766
767,CONGA,767
768,HONRA,768
769,PUMAS,769
770,BEIJA,770
771,LOGRA,771
772,LEGAR,772
773,PEGAM,773
774,DOPAM,774
775,ZELAM,775
776,SIRVA,776
777,MANSO,777
778,CAPTO,778
779,GORES,779
780,LUCAS,780
781,PESCA,781
782,MOLDA,782
783,DUNAS,783
784,SOUZA,784
785,LACOS,785
786,LEGAM,786
787,RACHO,787
788,MAGOS,788
789,SABEI,789
790,GOSMA,790
791,LESMA,791
792,UNIAS,792
793,DANOS,793
794,MATEI,794
795,COLHA,795
796,VALOS,796
797,SAMBO,797
798,SEXTA,798
799,LADRO,799
800,RALEM,800
801,SAFEI,801
802,REUNA,802
803,LEVAR,803
804,SENHA,804
805,BULAS,805
806,RAJEI,806
807,CALVO,807
808,GOELA,808
809,IAMOS,809
810,FATOS,810
811,LEVAM,811
812,MANCO,812
813,FEDAM,813
814,VOLTA,814
815,GALOS,815
816,SANEM,816
817,VEDAR,817
818,SIRZA,818
819,CURAM,819
820,NULAS,820
821,FUMAS,821
822,FUCAS,822
823,MANDO,823
824,PEDRA,824
825,CALHO,825
826,FURAI,826
827,VEDAM,827
828,PACTO,828
829,FALTO,829
830,DUMAS,830
831,LAVRO,831
832,URDAS,832
833,JOGAR,833
834,GOZAR,834
835,DAMOS,835
836,PAUTO,836
837,LENTA,837
838,NASCO,838
839,DURAI,839
840,VAMOS,840
841,DESCA,841
842,MUJAS,842
843,GATOS,843
844,CAPEI,844
845,JOGAM,845
846,GOZAM,846
847,CAVEI,847
848,TALCO,848
849,BACOS,849
850,NATOS,850
851,POLCA,851
852,ABRES,852
853,DEVAM,853
854,PONCA,854
855,DOBRA,855
856,NEGAR,856
857,CAMPO,857
858,GAMOS,858
859,REGUA,859
860,DOUTA,860
861,CABEI,861
862,NUMAS,862
863,LADOS,863
864,TENSA,864
865,LEPRA,865
866,MOLHA,866
867,METAL,867
868,PAGOS,868
869,NACOS,869
870,ZUNAS,870
871,NEGAM,870
872,HALOS,871
873,TOUCA,872
874,CRIAM,873
875,DELTA,874
876,MONJA,875
877,LAGOS,876
878,NEVAR,877
879,CALEM,878
880,POUSA,879
881,PALMO,880
882,PALCO,881
883,VENTA,882
884,FALEI,883
885,VEXAR,884
886,REFAZ,885
887,LASER,886
888,LOUSA,887
889,NEVAM,887
890,LUPAS,888
891,LUVAS,889
892,BENTA,890
893,RUIAM,891
894,BOLSA,892
895,JATOS,893
896,MALHO,894
897,LACEI,895
898,VEJAM,896
899,LANCO,897
900,VEXAM,898
901,FADOS,899
902,PENSA,900
903,DANEI,901
904,URJAS,902
905,TENDA,903
906,VALEI,904
907,FALSO,905
908,POUCA,906
909,TOLHA,907
910,SAROU,908
911,MANJO,909
912,CATEM,910
913,FUGAS,911
914,TENAZ,912
915,VESGA,913
916,ARTES,914
917,JURAI,915
918,LOUCA,916
919,CREIA,917
920,TANGO,918
921,PENAL,919
922,JANTO,920
923,FURIA,921
924,PUXAS,922
925,VESPA,923
926,SURTA,924
927,DATEI,925
928,PENCA,926
929,NEGRA,927
930,ARMES,928
931,LUZAS,929
932,VAGOS,930
933,ECOAS,931
934,LONGA,932
935,GADOS,933
936,FAVOS,934
937,BOIES,935
938,BAGOS,936
939,PENDA,937
940,TALHO,938
941,NESGA,939
942,GANSO,940
943,BATEI,941
944,MACHO,942
945,DANCO,943
946,TOMBA,944
947,PONHA,945
948,RAPEM,946
949,LENDA,947
950,TANJO,948
951,ROLES,949
952,ALIES,950
953,TOCHA,951
954,GURIA,952
955,TAPEI,953
956,DENSA,954
957,BANCO,955
958,LAUDO,956
959,BOCAL,957
960,FOLGA,958
961,SABER,959
962,FUJAS,960
963,PARTE,961
964,LATIS,962
965,BANDO,963
966,TAMPO,964
967,CARNE,965
968,BUFAS,966
969,FALIS,967
970,SABEM,968
971,FIRMA,969
972,BAFOS,970
973,TELHA,971
974,VENAL,972
975,POMBA,973
976,TENHA,974
977,MECHA,975
978,LOUVA,976
979,TECLA,977
980,SAFEM,978
981,PISAR,979
982,JUDAS,980
983,TACHO,981
984,FENDA,982
985,PAULO,983
986,RAJEM,984
987,VENCA,985
988,FOLHA,986
989,NABOS,987
990,FETAL,988
991,FATUO,989
992,MAGNO,990
993,CURTA,991
994,PISAM,992
995,ROCES,993
996,TAXEI,994
997,REATO,995
998,BALIS,996
999,CARPE,997
1000,VENDA,998
1001,BANIS,999
1002,SACIE,1000
1003,CITAR,1001
1004,LENGA,1002
1005,GAJOS,1003
1006,ADIES,1004
1007,ARDES,1005
1008,DEUSA,1006
1009,LAVEI,1007
1010,FECAL,1008
1011,ZEBRA,1009
1012,PAIRE,1010
1013,ONCAS,1011
1014,GANIS,1012
1015,FURAM,1013
1016,FARTE,1014
1017,BOLHA,1015
1018,AFIES,1016
1019,CITAM,1017
1020,AVIES,1018
1021,LAPSO,1019
1022,FREAI,1020
1023,FALHO,1021
1024,DURAM,1022
1025,LAMBO,1023
1026,VACUO,1024
1027,ATRIO,1025
1028,LENHA,1026
1029,CAPEM,1027
1030,JUBAS,1028
1031,EGUAS,1028
1032,COLES,1029
1033,CAVEM,1030
1034,OPTAS,1031
1035,PEDAL,1032
1036,CABER,1032
1037,FAUNO,1033
1038,VODCA,1034
1039,CONES,1035
1040,VALHO,1036
1041,MAGOE,1037
1042,SURDA,1038
1043,DOGMA,1039
1044,VOGAL,1040
1045,MAIOR,1041
1046,RISCA,1042
1047,TARDE,1043
1048,VISAR,1044
1049,CABEM,1045
1050,MINAR,1046
1051,BANHO,1047
1052,SIGAM,1048
1053,NADEI,1049
1054,NODAL,1050
1055,GALHO,1051
1056,RAIOU,1052
1057,BANJO,1053
1058,VISAM,1054
1059,ARFES,1055
1060,GANHO,1056
1061,OUSAI,1057
1062,BOCHA,1058
1063,BELGA,1059
1064,COTES,1060
1065,RADIE,1061
1066,FACHO,1062
1067,LATEM,1063
1068,CURSA,1064
1069,RODES,1065
1070,RUMAI,1066
1071,VIERA,1067
1072,ROAIS,1068
1073,FALEM,1069
1074,VELHA,1070
1075,RIFAM,1071
1076,FAZEI,1072
1077,COMES,1073
1078,VALER,1074
1079,VENHA,1075
1080,LACEM,1076
1081,TAXIS,1077
1082,COREI,1078
1083,ONDAS,1079
1084,ROGES,1080
1085,DANEM,1081
1086,LAPIS,1082
1087,GABEI,1083
1088,VALEM,1084
1089,ZANGO,1085
1090,ONDEA,1086
1091,VAZEI,1087
1092,MISTA,1088
1093,ORLAI,1089
1094,SINTA,1090
1095,CERTO,1091
1096,ORNAI,1092
1097,BALEM,1093
1098,BENZA,1094
1099,INCAS,1095
1100,TINAM,1096
1101,LEGUA,1097
1102,JURAM,1098
1103,BANEM,1099
1104,MOLES,1100
1105,FECHA,1101
1106,FLUAS,1102
1107,GANEM,1103
1108,FREIA,1104
1109,DATEM,1105
1110,IGNEA,1106
1111,BATER,1107
1112,MEROS,1108
1113,ZOMBA,1109
1114,CISMA,1110
1115,PILAR,1111
1116,VAGIS,1112
1117,SURJA,1113
1118,PAROU,1114
1119,BATEM,1115
1120,HAVEI,1116
1121,CAIOU,1117
1122,UNTAS,1118
1123,ORCAI,1119
1124,TAPEM,1120
1125,REAIS,1121
1126,MITRA,1122
1127,OLHAS,1123
1128,ARIDO,1124
1129,UREIA,1125
1130,COAIS,1126
1131,MOREI,1127
1132,MURAL,1128
1133,RUGAI,1129
1134,PAGEM,1130
1135,SUTIA,1131
1136,CURVA,1132
1137,CINTA,1133
1138,CIDRA,1134
1139,CESIO,1135
1140,JAZEI,1136
1141,PICAR,1137
1142,FILAR,1138
1143,PIORA,1139
1144,PISTA,1140
1145,SUGAI,1141
1146,LIMAR,1142
1147,SUMIA,1143
1148,CEAMO,1144
1149,PICAM,1145
1150,FILAM,1146
1151,CAVIE,1147
1152,LISTA,1148
1153,TAXEM,1149
1154,DIETA,1150
1155,MIRES,1151
1156,SUICA,1152
1157,SINAL,1153
1158,VAROU,1154
1159,TROIA,1155
1160,FURTA,1156
1161,TOMES,1157
1162,LAVEM,1158
1163,CEADO,1159
1164,SERVO,1160
1165,GUIAR,1161
1166,FITAR,1162
1167,REAJO,1163
1168,RUFAI,1164
1169,ERICA,1165
1170,TURMA,1166
1171,CRINA,1167
1172,GUIAM,1168
1173,DITAR,1169
1174,CATRE,1170
1175,FITAM,1171
1176,TURCA,1172
1177,POTES,1173
1178,CIOSA,1174
1179,FICAR,1175
1180,LAZER,1176
1181,CIFRA,1177
1182,DITAM,1178
1183,CRIVA,1179
1184,LOTES,1180
1185,COZES,1181
1186,VAGEM,1182
1187,FICAM,1183
1188,MUITA,1184
1189,CEAIS,1185
1190,SALTE,1186
1191,MOAIS,1187
1192,RUINA,1188
1193,DISTA,1189
1194,TIRES,1190
1195,FOLES,1191
1196,SUJAI,1192
1197,FONES,1193
1198,POREI,1194
1199,VISTA,1195
1200,OUSAR,1196
1201,ILHAS,1197
1202,MIJAR,1198
1203,MINTA,1199
1204,NADEM,1200
1205,BICAR,1201
1206,MOGES,1202
1207,SUINA,1203
1208,RUIVA,1204
1209,SAGRE,1205
1210,PERTO,1206
1211,VALEU,1207
1212,OUSAM,1208
1213,ALOES,1209
1214,GARFE,1210
1215,FRITA,1211
1216,PARTI,1212
1217,MIGRA,1213
1218,BICAM,1214
1219,FATIE,1215
1220,BOLES,1216
1221,FAZER,1217
1222,LIDAR,1218
1223,RUGIA,1219
1224,RASPE,1220
1225,SITUA,1221
1226,BONES,1222
1227,PULAI,1223
1228,MOVES,1224
1229,SILVA,1225
1230,ANOES,1226
1231,GOLES,1227
1232,PIRES,1228
1233,FAZEM,1229
1234,CERVO,1230
1235,LIDAM,1231
1236,LIGAR,1232
1237,DOTES,1233
1238,CUIDA,1234
1239,AREMO,1235
1240,COREM,1236
1241,BRITA,1237
1242,FOMES,1238
1243,VOTES,1239
1244,PISCA,1240
1245,AFROS,1241
1246,GABEM,1242
1247,TURVA,1243
1248,SABRE,1244
1249,MUNIA,1245
1250,MEIOS,1246
1251,MOFES,1247
1252,CINDA,1248
1253,LIGAM,1249
1254,VAZEM,1250
1255,CARPI,1251
1256,GRITA,1252
1257,ORLAM,1253
1258,BOTES,1254
1259,DOMES,1255
1260,ZARPE,1256
1261,BATEU,1257
1262,ORNAM,1258
1263,CREMA,1259
1264,ACOES,1260
1265,FAROL,1261
1266,CALOR,1262
1267,VOCES,1263
1268,TURBA,1264
1269,PIFAR,1265
1270,TOPES,1266
1271,LUTAI,1267
1272,DURMA,1268
1273,PRIMA,1269
1274,CANTE,1270
1275,BEATO,1271
1276,SUBIA,1272
1277,MUDAI,1273
1278,NOTES,1274
1279,PODES,1275
1280,ERIJA,1276
1281,UNHAS,1277
1282,PASTE,1278
1283,VERTO,1279
1284,TERMO,1280
1285,PIFAM,1281
1286,GOMES,1282
1287,HAVER,1283
1288,TERCO,1284
1289,PURGA,1285
1290,ANTES,1286
1291,PINTA,1287
1292,GOREI,1288
1293,ALCES,1289
1294,NOMES,1290
1295,CASOU,1291
1296,AREIS,1292
1297,CHIAR,1293
1298,TRINA,1294
1299,ATEIO,1295
1300,PARIU,1296
1301,FRISA,1297
1302,ORGIA,1298
1303,SUECA,1299
1304,DIGAM,1300
1305,SIGMA,1301
1306,LIXAR,1302
1307,VIRES,1303
1308,ORCAM,1304
1309,RIVAL,1305
1310,REINO,1306
1311,CHIAM,1307
1312,DISCA,1308
1313,ZEROS,1309
1314,CUSTA,1310
1315,LIXAM,1311
1316,PRETA,1312
1317,ATIRO,1313
1318,SALDE,1314
1319,JAZER,1315
1320,VIELA,1316
1321,APEIO,1317
1322,LOPES,1318
1323,GIRES,1319
1324,TRIPA,1320
1325,FURNA,1320
1326,VIENA,1321
1327,BRISA,1322
1328,PERCO,1323
1329,FRUIA,1324
1330,RUGAM,1325
1331,VAIOU,1326
1332,FUMAI,1327
1333,SUGAR,1328
1334,FUCAI,1329
1335,BAILE,1330
1336,ARCOS,1331
1337,AVEIO,1332
1338,BIELA,1333
1339,JAZEM,1334
1340,RESTO,1335
1341,LERMO,1336
1342,PUNIA,1337
1343,SEDIO,1338
1344,ATUES,1339
1345,REGIO,1340
1346,ADIRO,1341
1347,BEIRO,1342
1348,LIVRA,1342
1349,VADIE,1343
1350,FINTA,1344
1351,DOAIS,1345
1352,RUELA,1346
1353,FIXAR,1347
1354,SUGAM,1348
1355,UIVAR,1349
1356,ACUES,1350
1357,FOGES,1351
1358,TERNO,1352
1359,RAPTE,1353
1360,CINJA,1354
1361,VOAIS,1355
1362,AFIRO,1356
1363,BURLA,1357
1364,AONDE,1358
1365,CINZA,1359
1366,PRIVA,1360
1367,LERDO,1361
1368,LIBRA,1362
1369,MANTE,1363
1370,LATEX,1364
1371,FIXAM,1365
1372,CHEIA,1366
1373,AREJO,1367
1374,RALOU,1368
1375,UIVAM,1369
1376,BODES,1370
1377,CANSE,1371
1378,VIDRA,1372
1379,BASTE,1373
1380,SIGLA,1374
1381,ERGAM,1375
1382,VERSO,1376
1383,FRETA,1377
1384,LACRE,1378
1385,ENTOA,1379
1386,ROEIS,1380
1387,BRIDA,1381
1388,LEAIS,1382
1389,RANGE,1383
1390,FISGA,1384
1391,SABOR,1385
1392,GASTE,1386
1393,AGUES,1387
1394,RUFAM,1388
1395,DOPES,1389
1396,SANOU,1390
1397,ODIAR,1391
1398,SEIXO,1392
1399,VIEZA,1393
1400,SUBAM,1394
1401,SAUDE,1395
1402,SALVE,1396
1403,NAIPE,1397
1404,BATEL,1398
1405,TREMA,1399
1406,MIUDA,1400
1407,DERMO,1401
1408,ESCOA,1402
1409,FEIOS,1403
1410,BAIXE,1404
1411,ANDES,1405
1412,RUJAM,1406
1413,PEITO,1407
1414,VEADO,1408
1415,PASME,1409
1416,SUJAR,1410
1417,FIBRA,1411
1418,RALHE,1412
1419,BRETA,1413
1420,GEAMO,1414
1421,MUGIA,1415
1422,PRESA,1416
1423,LEITO,1417
1424,PINCA,1418
1425,SUJAM,1419
1426,BERCO,1420
1427,HIENA,1421
1428,POREM,1422
1429,RUSGA,1423
1430,BULIA,1424
1431,VIBRA,1425
1432,GEADO,1426
1433,COSEI,1427
1434,ALVES,1428
1435,CAUSE,1429
1436,MILHA,1430
1437,CURES,1431
1438,MINHA,1432
1439,OUCAM,1433
1440,SACOU,1434
1441,GRILA,1435
1442,PULAR,1436
1443,VOZES,1437
1444,PREMA,1438
1445,CESTO,1439
1446,SUPRA,1440
1447,FERIS,1441
1448,AGIOS,1442
1449,AUTOS,1443
1450,LINDA,1444
1451,BRIGA,1445
1452,URINA,1446
1453,FRUAM,1447
1454,HASTE,1448
1455,ODEIA,1449
1456,PULAM,1450
1457,CROMA,1451
1458,QUITA,1452
1459,OUVIA,1453
1460,CAPTE,1454
1461,LUNAR,1455
1462,FRIJA,1456
1463,PUNAM,1457
1464,PADRE,1458
1465,PUXAI,1459
1466,FEITO,1460
1467,GOZES,1461
1468,RACHE,1462
1469,FINAL,1463
1470,URDIA,1464
1471,FILMA,1465
1472,CEIFO,1466
1473,TRENA,1467
1474,CALOU,1468
1475,GEAIS,1469
1476,SAMBE,1470
1477,FRESA,1471
1478,ARMEI,1472
1479,LADRE,1473
1480,GUISA,1474
1481,ECOAI,1475
1482,FERVO,1476
1483,DEITO,1477
1484,NOZES,1478
1485,FINCA,1479
1486,FOREM,1480
1487,COEIS,1481
1488,TEIMO,1482
1489,URGIA,1483
1490,ABRIS,1484
1491,TREVA,1485
1492,TINHA,1486
1493,GERIS,1487
1494,RETOS,1488
1495,CULTA,1489
1496,OUTRA,1490
1497,LUTAR,1491
1498,FINDA,1492
1499,ADITO,1493
1500,APITO,1494
1501,MUDAR,1495
1502,TINJA,1496
1503,VINCA,1497
1504,GRIFA,1498
1505,ROLEI,1499
1506,TREPA,1500
1507,PINGA,1501
1508,CRIES,1502
1509,LUTAM,1503
1510,MANDE,1504
1511,CATOU,1505
1512,CETRO,1506
1513,AGITO,1507
1514,ESTAI,1508
1515,REMOS,1509
1516,CALHE,1510
1517,VINDA,1511
1518,FALTE,1512
1519,ZUNIA,1513
1520,SOLEI,1514
1521,VERBO,1515
1522,LAVRE,1516
1523,VITAL,1517
1524,MEIGO,1518
1525,HERDO,1519
1526,MEDIO,1520
1527,ALISO,1521
1528,MURES,1522
1529,PAUTE,1523
1530,NASCE,1524
1531,VALOR,1525
1532,GOREM,1526
1533,DILUA,1527
1534,VIOLA,1528
1535,CAULE,1529
1536,BUFAI,1530
1537,PILHA,1531
1538,NERVO,1532
1539,ACHES,1533
1540,DANTE,1534
1541,PREGA,1535
1542,SULCA,1536
1543,PINHA,1537
1544,SENTO,1538
1545,UNIAM,1539
1546,MUSCA,1540
1547,VIDEO,1541
1548,JAZEU,1542
1549,BRECA,1543
1550,ERODA,1544
1551,FATOR,1545
1552,CUSPA,1546
1553,BULAM,1547
1554,LINHA,1548
1555,HAURE,1549
1556,PEIDO,1550
1557,CUBRA,1551
1558,LINFA,1552
1559,EMITA,1553
1560,RAPOU,1554
1561,FUMAR,1555
1562,FUCAR,1556
1563,ROCEI,1557
1564,MELRO,1558
1565,INCOA,1559
1566,FUGIA,1560
1567,ANIMO,1561
1568,ARDEI,1562
1569,CLIMA,1563
1570,TOSEI,1564
1571,GENIO,1565
1572,FUCAM,1566
1573,TEDIO,1567
1574,SOMEI,1568
1575,MOEIS,1569
1576,JEITO,1570
1577,PREZA,1571
1578,EDITA,1572
1579,FROTA,1573
1580,MULTA,1574
1581,VINGA,1575
1582,LIMPA,1576
1583,ENJOA,1577
1584,URDAM,1578
1585,DRENA,1579
1586,QUICA,1580
1587,PICHA,1581
1588,BATOM,1582
1589,FILHA,1583
1590,MAJOR,1584
1591,EVITA,1585
1592,LUZIA,1586
1593,RIMES,1587
1594,NARIZ,1588
1595,MATOU,1589
1596,ATICO,1590
1597,METRO,1591
1598,ONERA,1592
1599,SAQUE,1593
1600,SAFOU,1594
1601,LUCRA,1595
1602,OMITA,1596
1603,MALHE,1597
1604,AVISO,1598
1605,FINJA,1599
1606,COLEI,1600
1607,LANCE,1601
1608,TROCA,1602
1609,OPTAI,1603
1610,RAJOU,1604
1611,CAGUE,1605
1612,BROTA,1606
1613,UNIRA,1607
1614,ATIDO,1608
1615,VINHA,1609
1616,ABREM,1610
1617,AMIDO,1611
1618,PROSA,1612
1619,MANJE,1613
1620,ETNIA,1614
1621,POSEI,1615
1622,TENRO,1616
1623,ADIMO,1617
1624,SUNGA,1618
1625,DUBIA,1619
1626,ACIDO,1620
1627,CENTO,1621
1628,CEDRO,1622
1629,BEICO,1623
1630,LUGAR,1624
1631,TANGE,1625
1632,JANTE,1626
1633,AVIMO,1627
1634,LEIGO,1628
1635,ZUNAM,1629
1636,AGIMO,1630
1637,RIAMO,1631
1638,ARFEI,1632
1639,FUJIA,1633
1640,ASILO,1634
1641,HELIO,1635
1642,CAGOU,1636
1643,COTEI,1637
1644,PAVOR,1638
1645,REPOS,1639
1646,AZIMO,1640
1647,FICHA,1641
1648,ACETO,1642
1649,DUZIA,1643
1650,OPERA,1644
1651,AVIDO,1645
1652,MENOS,1646
1653,COSER,1647
1654,QUINA,1648
1655,AGIDO,1649
1656,RODEI,1650
1657,SULFA,1651
1658,ESIMA,1652
1659,TALHE,1653
1660,CAPOU,1654
1661,JUDIA,1655
1662,COMEI,1656
1663,DANCE,1657
1664,ATINO,1658
1665,RENDO,1659
1666,ARDUO,1660
1667,COSEM,1661
1668,CAVOU,1662
1669,ESVAI,1663
1670,TACOU,1664
1671,LABOR,1665
1672,JINGA,1666
1673,URJAM,1667
1674,JUSTA,1668
1675,FRUTA,1669
1676,ABETO,1670
1677,SORTE,1671
1678,BICHA,1672
1679,AFETO,1673
1680,TRAIO,1674
1681,ARDIS,1675
1682,FURES,1676
1683,SENDO,1677
1684,ALIJO,1678
1685,CITES,1679
1686,XINGA,1680
1687,ATIVO,1681
1688,NUTRA,1682
1689,ETICA,1683
1690,ARGUO,1684
1691,QUIPA,1685
1692,AMIGO,1686
1693,CRUZA,1687
1694,PUXAR,1688
1695,TROVA,1689
1696,DOSEI,1690
1697,BALDE,1691
1698,RIDES,1692
1699,DURES,1693
1700,TAMPE,1694
1701,ECOAR,1695
1702,PUXAM,1696
1703,AFINO,1697
1704,FAVOR,1698
1705,TROPA,1699
1706,JUIZA,1700
1707,BRUTA,1701
1708,LUZAM,1702
1709,CAPIM,1703
1710,EPICA,1704
1711,ECOAM,1705
1712,SOVEI,1706
1713,TACHE,1707
1714,DUELA,1708
1715,MEDRO,1709
1716,TIROS,1710
1717,VAPOR,1711
1718,FALOU,1712
1719,BOIEM,1713
1720,GRUTA,1714
1721,CULPA,1715
1722,CENSO,1716
1723,DIGNA,1717
1724,BUSCA,1718
1725,OTIMA,1719
1726,EXIMA,1720
1727,CEGOS,1721
1728,LACOU,1722
1729,CHINA,1723
1730,OTICA,1724
1731,ESTAR,1725
1732,PROVA,1726
1733,DANOU,1727
1734,GESTO,1728
1735,DEIXO,1729
1736,ANTRO,1730
1737,ROLEM,1731
1738,ITERA,1732
1739,ASTRO,1733
1740,ALIEM,1734
1741,MINES,1735
1742,RANGI,1736
1743,UNTAI,1737
1744,BROCA,1738
1745,CUNHA,1739
1746,RECUO,1740
1747,DOEIS,1741
1748,LATIR,1742
1749,PELOS,1743
1750,ACESO,1744
1751,PATIM,1745
1752,OLHAI,1746
1753,BEIJO,1747
1754,VOEIS,1748
1755,BUFAR,1749
1756,FALIR,1750
1757,SOLEM,1751
1758,FUJAM,1752
1759,TEMOS,1753
1760,REMIS,1754
1761,CHORA,1755
1762,LATIM,1756
1763,SIRVO,1757
1764,FALHE,1758
1765,RIFES,1759
1766,PESCO,1760
1767,LAMBE,1760
1768,AFIXO,1761
1769,CORTE,1762
1770,ATEMO,1763
1771,GENRO,1764
1772,BUFAM,1765
1773,DATOU,1766
1774,XUCRA,1767
1775,ELIXA,1768
1776,OLIVA,1769
1777,QUEDA,1770
1778,SEXTO,1771
1779,PULSA,1772
1780,REUNO,1773
1781,ESPIA,1774
1782,ARPOE,1775
1783,BALIR,1776
1784,ENVIA,1777
1785,BANIR,1778
1786,ATURO,1779
1787,TINES,1780
1788,JURES,1781
1789,OXIDA,1782
1790,EXILA,1783
1791,ROCEM,1784
1792,BANHE,1785
1793,PONEI,1786
1794,PAGUE,1787
1795,MEDOS,1788
1796,GANIR,1789
1797,ANEIS,1790
1798,SIRZO,1791
1799,TAPOU,1792
1800,ALTOS,1793
1801,AVIER,1794
1802,DROGA,1795
1803,TOMEI,1796
1804,ADIEM,1797
1805,ARDEM,1798
1806,GANHE,1799
1807,TOSEM,1800
1808,ENFIA,1801
1809,ANELO,1802
1810,ABREU,1803
1811,ALEGO,1804
1812,PEDRO,1805
1813,LEMOS,1806
1814,APURO,1807
1815,AFIEM,1808
1816,AVIEM,1809
1817,ENTRA,1810
1818,FLUIA,1811
1819,TRUFA,1812
1820,OPINA,1813
1821,ATEIS,1814
1822,LENTO,1815
1823,AMEIS,1816
1824,PAGOU,1817
1825,QUOTA,1818
1826,OPTAR,1819
1827,BRUMA,1820
1828,TAQUE,1821
1829,DESCO,1822
1830,BELOS,1823
1831,AZEDO,1824
1832,EXIBA,1825
1833,AMENO,1826
1834,COLEM,1827
1835,FETOS,1828
1836,TIMES,1829
1837,OPTAM,1830
1838,LOTEI,1831
1839,COZEI,1832
1840,ACENO,1833
1841,GELOS,1834
1842,MIADO,1835
1843,EXPIA,1836
1844,OGIVA,1837
1845,POSEM,1838
1846,JUNTA,1839
1847,MORTE,1840
1848,EXIJA,1841
1849,TAXOU,1842
1850,APELO,1843
1851,GIROS,1844
1852,TENSO,1845
1853,OBSTA,1846
1854,GRUDA,1847
1855,COSEU,1848
1856,APENO,1849
1857,AGEIS,1850
1858,LAVOU,1851
1859,OSTRA,1852
1860,VOLEI,1853
1861,ARFEM,1854
1862,DEMOS,1855
1863,APTOS,1856
1864,ANEXO,1857
1865,VAGUE,1858
1866,COTEM,1859
1867,VEMOS,1860
1868,VIOES,1861
1869,NASCI,1862
1870,APEGO,1863
1871,BOLEI,1864
1872,COMER,1865
1873,FUNDA,1866
1874,UNICA,1867
1875,RODEM,1868
1876,SORVE,1869
1877,FILES,1869
1878,VENTO,1870
1879,MOVEI,1871
1880,EXTRA,1872
1881,PULGA,1873
1882,OBVIA,1874
1883,BECOS,1875
1884,NETOS,1876
1885,PERUS,1877
1886,BENTO,1878
1887,LIMES,1879
1888,DOTEI,1880
1889,POLIS,1881
1890,OBESA,1882
1891,UNIDA,1883
1892,HAURI,1884
1893,VAGOU,1885
1894,PENSO,1886
1895,ROGEM,1887
1896,VOTEI,1888
1897,TENDO,1889
1898,MOFEI,1890
1899,INSTA,1891
1900,FLORA,1892
1901,BUNDA,1893
1902,CHEGA,1894
1903,BOTEI,1895
1904,DOMEI,1896
1905,VESGO,1897
1906,NADOU,1898
1907,DOSEM,1899
1908,GUIES,1900
1909,PIAMO,1901
1910,TUMBA,1902
1911,FITES,1903
1912,PUNHA,1904
1913,CREIO,1905
1914,UMIDA,1906
1915,TOPEI,1907
1916,FLUAM,1908
1917,ILESA,1909
1918,SURTO,1910
1919,DITES,1911
1920,VAGIR,1912
1921,NEGRO,1913
1922,NOTEI,1914
1923,BUCAL,1915
1924,PODEI,1916
1925,PIADO,1917
1926,SOVEM,1918
1927,MORSE,1919
1928,TENIS,1920
1929,PORTE,1921
1930,BOERS,1922
1931,LENCO,1923
1932,FUNGA,1924
1933,LATIU,1925
1934,PENDO,1926
1935,USINA,1927
1936,CHEFA,1928
1937,UNTAR,1929
1938,ALCEI,1930
1939,ALVOS,1931
1940,FALIU,1932
1941,BRUXA,1933
1942,SOBEM,1934
1943,BAQUE,1935
1944,DUNGA,1936
1945,OLHAR,1937
1946,LENDO,1938
1947,GABOU,1939
1948,MIJES,1940
1949,HIATO,1941
1950,UNTAM,1942
1951,VAZOU,1943
1952,DENSO,1944
1953,OLHAM,1945
1954,HEROI,1946
1955,FIAMO,1947
1956,TANGI,1948
1957,OMEGA,1949
1958,RUMES,1950
1959,UNGIA,1951
1960,BALIU,1952
1961,PENIS,1953
1962,PIANO,1954
1963,LIDES,1955
1964,MORDE,1956
1965,BANIU,1957
1966,PLENA,1958
1967,CHUTA,1959
1968,COAXE,1959
1969,ARDEU,1960
1970,FIADO,1961
1971,FIRMO,1962
1972,PLOTA,1963
1973,DEPOS,1964
1974,TENHO,1965
1975,GANIU,1966
1976,FORTE,1967
1977,ATUEI,1968
1978,ALHOS,1969
1979,TECLO,1970
1980,FENDO,1971
1981,ORLES,1972
1982,VENCO,1973
1983,ACUEI,1974
1984,BOATE,1975
1985,AMBOS,1976
1986,ORNES,1977
1987,VIRMO,1978
1988,ANJOS,1979
1989,CURTO,1980
1990,MATIZ,1981
1991,IDEAL,1982
1992,ULTRA,1983
1993,SORTI,1984
1994,VENDO,1985
1995,TORCE,1986
1996,ALUDO,1987
1997,ACUSO,1988
1998,SUAMO,1989
1999,TEMPO,1990
2000,MEDIS,1991
2001,PIFES,1992
2002,DUCHA,1993
2003,AGUEI,1994
2004,DOPEI,1995
2005,MUROS,1996
2006,JULGA,1997
2007,SUADO,1998
2008,PRATO,1999
2009,FUGAZ,2000
2010,NORTE,2001
2011,COZER,2002
2012,ABUSO,2003
2013,LENHO,2004
2014,BUCHA,2005
2015,IMPAR,2006
2016,ANDEI,2007
2017,ABLUO,2008
2018,ORCES,2009
2019,FEUDO,2010
2020,AFLUO,2011
2021,CHIES,2012
2022,LOTEM,2013
2023,COZEM,2014
2024,ILHAR,2015
2025,EPOCA,2016
2026,SURDO,2017
2027,RUDES,2018
2028,TIREM,2019
2029,LIXES,2020
2030,FIAPO,2021
2031,RISCO,2022
2032,CRAVO,2023
2033,ACUDO,2024
2034,ALUNO,2025
2035,EVOCA,2026
2036,CUMES,2027
2037,COMEU,2028
2038,ILHAM,2029
2039,ANUIS,2030
2040,NEXOS,2031
2041,CUREI,2032
2042,TORNE,2033
2043,GRAOS,2034
2044,ANULO,2035
2045,AGUCO,2036
2046,DIABO,2037
2047,ALUGO,2038
2048,RITOS,2039
2049,LORDE,2040
2050,MOVER,2041
2051,BOLEM,2042
2052,LAMBI,2043
2053,CHOVA,2044
2054,AGUDO,2045
2055,CURSO,2046
2056,RIMOS,2047
2057,RICOS,2048
2058,VELHO,2049
2059,MUNES,2050
2060,FIXES,2051
2061,AJUDO,2052
2062,DUPLA,2053
2063,VIAJO,2054
2064,VENHO,2055
2065,UIVES,2056
2066,TORPE,2056
2067,GOZEI,2057
2068,FORME,2058
2069,DOTEM,2059
2070,FORCE,2060
2071,GLEBA,2061
2072,DIZES,2062
2073,ZUMBA,2063
2074,PEDIS,2064
2075,VOTEM,2065
2076,BLEFA,2066
2077,DORME,2067
2078,TRACO,2068
2079,MISTO,2069
2080,PUROS,2070
2081,RUFES,2071
2082,SINTO,2072
2083,VAGIU,2073
2084,ENOJA,2074
2085,DUBLA,2075
2086,ADULO,2076
2087,BOTEM,2077
2088,ATIRE,2078
2089,BENZO,2079
2090,INFRA,2080
2091,FACIL,2081
2092,GRATO,2082
2093,PODER,2083
2094,FECHO,2084
2095,AZUIS,2085
2096,ORAIS,2086
2097,TOPEM,2087
2098,EDUCA,2088
2099,FREIO,2089
2100,REMOI,2090
2101,TRIOS,2091
2102,IGNEO,2092
2103,NOTEM,2093
2104,AZULO,2094
2105,PODEM,2095
2106,EBRIO,2096
2107,BORDE,2097
2108,CISMO,2098
2109,ORGES,2099
2110,MUREI,2100
2111,SURJO,2101
2112,EXUMA,2102
2113,ALCEM,2103
2114,ADUBO,2104
2115,CEROL,2105
2116,ACHEI,2106
2117,COIBE,2107
2118,GLOSA,2108
2119,TRAIS,2109
2120,IDOSA,2110
2121,PRADO,2111
2122,ANGLO,2112
2123,VIREM,2113
2124,FUROS,2114
2125,CLARO,2115
2126,CHUVA,2116
2127,EMULA,2117
2128,COPIE,2118
2129,DUROS,2119
2130,ANUEM,2120
2131,PULES,2121
2132,AFINS,2122
2133,PLUMA,2123
2134,PUNES,2124
2135,CHUPA,2125
2136,ENCHA,2126
2137,TRAGO,2127
2138,TRAVO,2128
2139,GIREM,2129
2140,MICRO,2130
2141,CURVO,2131
2142,CINTO,2132
2143,CRIDO,2133
2144,SORVI,2134
2145,IRADO,2135
2146,TRAPO,2136
2147,ATUEM,2137
2148,RUIMO,2138
2149,FRACO,2139
2150,AMPLO,2140
2151,ISOLA,2141
2152,ACUEM,2142
2153,FOGEM,2143
2154,LISTO,2144
2155,FORJE,2145
2156,NOITE,2146
2157,RUIDO,2147
2158,SUICO,2148
2159,TRAJO,2149
2160,FURTO,2150
2161,INOVA,2151
2162,LUTES,2152
2163,COZEU,2153
2164,BRAMO,2154
2165,MUDES,2155
2166,SOLTE,2156
2167,IMOLA,2157
2168,RINDO,2158
2169,FRIOS,2159
2170,BRACO,2160
2171,ILUDA,2161
2172,ROSNE,2162
2173,IRDES,2163
2174,BLUSA,2164
2175,AGUEM,2165
2176,DOPEM,2166
2177,ERICO,2167
2178,RITMO,2168
2179,BRADO,2169
2180,INTUA,2170
2181,REAGI,2171
2182,TURCO,2172
2183,AQUEM,2173
2184,MITOS,2174
2185,DAQUI,2175
2186,OCUPA,2176
2187,CIFRO,2177
2188,MOTEL,2178
2189,ANDEM,2179
2190,CRIVO,2180
2191,RIJOS,2181
2192,COAGI,2182
2193,BULES,2183
2194,BRIOS,2184
2195,PLUGA,2185
2196,MUITO,2186
2197,PIEMO,2187
2198,DISTO,2188
2199,PRAZO,2189
2200,SOPRE,2190
2201,MICOS,2191
2202,JUROS,2192
2203,MOVEU,2193
2204,LITRO,2194
2205,VISTO,2195
2206,TONEL,2196
2207,TRAEM,2197
2208,MINTO,2198
2209,ADITE,2199
2210,APITE,2200
2211,SERVI,2201
2212,ATEUS,2202
2213,JORGE,2203
2214,SUINO,2204
2215,CUREM,2205
2216,AUTOR,2206
2217,RUIVO,2207
2218,FUMES,2208
2219,IGUAL,2209
2220,FUCES,2210
2221,FOICE,2211
2222,SOBRE,2212
2223,OUVES,2213
2224,GEROU,2214
2225,FRITO,2215
2226,AGITE,2216
2227,FUREI,2217
2228,DRAGO,2218
2229,MIGRO,2219
2230,SOFRE,2220
2231,URDES,2221
2232,MORDI,2222
2233,SITUO,2223
2234,ALISE,2224
2235,DUREI,2225
2236,ATENS,2226
2237,ADEUS,2227
2238,SILVO,2228
2239,NISTO,2229
2240,TURNO,2230
2241,CIPOS,2231
2242,APOIE,2232
2243,URANO,2233
2244,PINOS,2234
2245,BRAVO,2235
2246,EXARO,2236
2247,GOZEM,2237
2248,TRICO,2238
2249,CONTE,2239
2250,CUIDO,2240
2251,BRITO,2241
2252,FIEMO,2242
2253,SERZI,2243
2254,GRAVO,2244
2255,PISCO,2245
2256,POSTE,2246
2257,TURVO,2247
2258,GUMES,2248
2259,CINDO,2249
2260,GRITO,2250
2261,INCHA,2251
2262,TORCI,2252
2263,CREMO,2253
2264,JOVEM,2254
2265,SETOR,2255
2266,AVENS,2256
2267,REPUS,2257
2268,ZUNES,2258
2269,ADVEM,2259
2270,TURBO,2260
2271,CERNI,2261
2272,ANIME,2262
2273,MENUS,2263
2274,CRIEM,2264
2275,DURMO,2265
2276,PRIMO,2266
2277,RONDE,2267
2278,CREDO,2268
2279,ZEROU,2269
2280,ERIJO,2270
2281,GRAFO,2271
2282,COSPE,2272
2283,PICOS,2273
2284,SOLDE,2274
2285,GRAXO,2275
2286,FINOS,2276
2287,NITRO,2277
2288,PURGO,2278
2289,XISTO,2278
2290,SONDE,2279
2291,PINTO,2280
2292,COBRE,2281
2293,HABIL,2282
2294,ACHEM,2283
2295,ATICE,2284
2296,TRINO,2285
2297,SUEMO,2286
2298,ARMOU,2287
2299,FISCO,2288
2300,ARCOU,2289
2301,COFRE,2290
2302,FOSTE,2291
2303,AVISE,2292
2304,FRISO,2293
2305,SUECO,2294
2306,DUAIS,2295
2307,CHATO,2296
2308,DISCO,2297
2309,TRIGO,2298
2310,CUSTO,2299
2311,PRETO,2300
2312,JUREI,2301
2313,MONTE,2302
2314,LOTUS,2303
2315,APICE,2304
2316,ALIOU,2305
2317,PUXES,2306
2318,MOVEL,2307
2319,TIDOS,2308
2320,DITOS,2309
2321,VERTI,2310
2322,TRIBO,2311
2323,ASILE,2312
2324,LUZES,2313
2325,NOIVE,2314
2326,EIXOS,2315
2327,GOSTE,2316
2328,FEROZ,2317
2329,LIVRO,2318
2330,CLAMO,2319
2331,FINTO,2320
2332,CINJO,2321
2333,BURLO,2322
2334,VIMOS,2323
2335,PRIVO,2324
2336,GURIS,2325
2337,ATINE,2326
2338,INFLA,2327
2339,CHEIO,2328
2340,DORMI,2329
2341,BONUS,2330
2342,TIPOS,2331
2343,MIXOS,2332
2344,VIDRO,2333
2345,BICOS,2334
2346,SIGNO,2335
2347,CONDE,2336
2348,FRETO,2337
2349,BURGO,2338
2350,EXATO,2339
2351,ALIJE,2340
2352,ATIVE,2341
2353,RUMOS,2342
2354,FISGO,2343
2355,URICO,2344
2356,FUJES,2345
2357,SONHE,2346
2358,LIDOS,2347
2359,ADIOU,2348
2360,BUFES,2349
2361,TREMO,2350
2362,MIUDO,2351
2363,AFINE,2352
2364,HINOS,2353
2365,PERDI,2354
2366,MENOR,2355
2367,TRECO,2356
2368,AFIOU,2357
2369,DOURE,2358
2370,AVIOU,2359
2371,FERIU,2360
2372,ROMPE,2361
2373,DISPO,2362
2374,PLATO,2363
2375,PRESO,2364
2376,ADORE,2365
2377,QUAIS,2366
2378,PIVOS,2367
2379,PINCO,2368
2380,ERMOS,2369
2381,PONTE,2370
2382,PISEM,2371
2383,ROUBE,2372
2384,OREIS,2373
2385,VIBRO,2374
2386,BISPO,2375
2387,AFORE,2376
2388,ABSTE,2377
2389,MIXTO,2378
2390,SELOU,2379
2391,MILHO,2380
2392,CHAMO,2381
2393,HOTEL,2382
2394,GRILO,2383
2395,SOUBE,2384
2396,PREMO,2385
2397,FUREM,2386
2398,SUPRO,2387
2399,CITEM,2388
2400,HONRE,2389
2401,LINDO,2390
2402,ABRIU,2391
2403,PRECO,2392
2404,BRIGO,2393
2405,URINO,2394
2406,LOGRE,2395
2407,GERIU,2396
2408,FIGOS,2397
2409,TENOR,2398
2410,VIRUS,2399
2411,QUITO,2400
2412,DUREM,2401
2413,FRIJO,2402
2414,ARQUE,2403
2415,CAPUZ,2404
2416,ARFOU,2405
2417,MOLDE,2406
2418,AFIXE,2407
2419,CAPUT,2408
2420,ROGUE,2409
2421,INATO,2410
2422,FILMO,2411
2423,CLERO,2412
2424,TRENO,2413
2425,COLHE,2414
2426,REMOU,2415
2427,OPTES,2416
2428,FRESO,2417
2429,FINCO,2418
2430,FONTE,2419
2431,QUERO,2420
2432,POBRE,2421
2433,SELIM,2422
2434,IREMO,2423
2435,TREVO,2424
2436,ATURE,2425
2437,SECOU,2426
2438,CULTO,2427
2439,FINDO,2428
2440,VOLTE,2429
2441,TINJO,2430
2442,VINCO,2431
2443,VISEM,2432
2444,GRIFO,2433
2445,TREPO,2434
2446,OUSEI,2435
2447,PINGO,2436
2448,TEMOR,2437
2449,COUVE,2438
2450,PRELO,2439
2451,EVADO,2440
2452,VINDO,2441
2453,APURE,2442
2454,ANOTE,2443
2455,ATUNS,2444
2456,RUMEI,2445
2457,DUETO,2446
2458,RIFEM,2447
2459,CHAGO,2448
2460,FIXOS,2449
2461,ETANO,2450
2462,UIVOS,2451
2463,DILUO,2452
2464,EMANO,2453
2465,PILHO,2454
2466,FERVI,2455
2467,COUBE,2456
2468,PREGO,2457
2469,PESOU,2458
2470,SULCO,2459
2471,PINHO,2460
2472,MUSCO,2461
2473,MONGE,2462
2474,BRECO,2463
2475,ATEOU,2464
2476,CUSPO,2465
2477,ROQUE,2466
2478,LESOU,2467
2479,LINHO,2468
2480,ORLEI,2469
2481,ANDRE,2470
2482,GUETO,2471
2483,DOBRE,2472
2484,ORNEI,2473
2485,CUBRO,2474
2486,EMITO,2475
2487,TINEM,2476
2488,JUREM,2477
2489,SOQUE,2478
2490,EBANO,2479
2491,MOLHE,2480
2492,ADOTE,2481
2493,PONDE,2482
2494,APEOU,2483
2495,SOFRI,2484
2496,EXALO,2485
2497,ADERI,2486
2498,PREZO,2487
2499,MUCOS,2488
2500,EDITO,2489
2501,POUSE,2490
2502,MULTO,2491
2503,IRMOS,2492
2504,VINGO,2493
2505,LIMPO,2494
2506,AFERI,2495
2507,DRENO,2496
2508,REGOU,2497
2509,PICHO,2498
2510,FILHO,2499
2511,SENTI,2500
2512,EVITO,2501
2513,FREVO,2502
2514,LIMBO,2503
2515,EGITO,2504
2516,BINGO,2505
2517,ZINCO,2506
2518,ABRIL,2507
2519,BUSTO,2508
2520,NOBRE,2509
2521,ATRIZ,2510
2522,OVAIS,2511
2523,EXITO,2512
2524,LUCRO,2513
2525,FINJO,2514
2526,UNTES,2515
2527,ORCEI,2516
2528,CETIM,2517
2529,PLANO,2518
2530,MELOU,2519
2531,OLHES,2520
2532,VETOR,2521
2533,VINHO,2522
2534,TOLHE,2523
2535,PULOS,2524
2536,MUSGO,2525
2537,DUBIO,2526
2538,MIROU,2527
2539,DEPUS,2528
2540,ICAMO,2529
2541,ESTIO,2530
2542,FORUM,2531
2543,GUIZO,2532
2544,SURTE,2533
2545,LIAME,2534
2546,CUBOS,2535
2547,ICADO,2536
2548,FICHO,2537
2549,LONGE,2538
2550,COBRI,2539
2551,QUILO,2540
2552,MENIR,2541
2553,POLIR,2542
2554,ESIMO,2543
2555,PUTOS,2544
2556,BONDE,2545
2557,FILEM,2546
2558,REZOU,2547
2559,RISTE,2548
2560,INALO,2549
2561,JUDIO,2550
2562,BREJO,2551
2563,USAMO,2552
2564,TOMBE,2553
2565,BUZIO,2554
2566,CUJOS,2555
2567,MUDOS,2556
2568,JUSTO,2557
2569,FRUTO,2558
2570,TIROU,2559
2571,BICHO,2560
2572,XINGO,2561
2573,NUTRO,2562
2574,RUFEI,2563
2575,ETICO,2564
2576,USADO,2565
2577,FLAVO,2566
2578,ITALO,2566
2579,CRUZO,2567
2580,ANDOR,2568
2581,CEGOU,2569
2582,GUIEM,2570
2583,FITEM,2571
2584,FUSCO,2572
2585,INVES,2573
2586,ACODE,2574
2587,ADOCE,2575
2588,TRUCO,2576
2589,NICHO,2577
2590,SILEX,2578
2591,FIRME,2579
2592,JUIZO,2580
2593,DITEM,2581
2594,BRUTO,2582
2595,RUINS,2583
2596,PELOU,2584
2597,FEDOR,2585
2598,EPICO,2586
2599,LOUVE,2587
2600,PENOU,2588
2601,CUTIS,2589
2602,DUELO,2590
2603,ALVOR,2591
2604,CULPO,2592
2605,RENDI,2593
2606,REMIU,2594
2607,SUJEI,2595
2608,UNAIS,2596
2609,COXIM,2597
2610,DIGNO,2598
2611,GRAUS,2599
2612,BUSCO,2600
2613,ILHES,2601
2614,EXIMO,2602
2615,CURTE,2602
2616,DUTOS,2603
2617,MUNDO,2604
2618,NULOS,2605
2619,ATOLE,2606
2620,TIVER,2607
2621,BUENO,2608
2622,AMOLE,2609
2623,ITERO,2610
2624,UNGES,2611
2625,ARGUI,2612
2626,ALUDE,2613
2627,OUSEM,2614
2628,CUNHO,2615
2629,PRUMO,2616
2630,ACUSE,2617
2631,RUGIS,2618
2632,ETILO,2619
2633,GOLPE,2620
2634,LIDER,2621
2635,ALOJE,2622
2636,PULEI,2623
2637,VULTO,2624
2638,DEPOR,2625
2639,IGAPO,2626
2640,LIDEM,2627
2641,ROMPI,2628
2642,PECOU,2629
2643,VESTI,2630
2644,XUCRO,2631
2645,ABUSE,2632
2646,ABOLE,2633
2647,MENTI,2634
2648,ELIXO,2635
2649,MUNIS,2636
2650,QUEDO,2637
2651,IBERO,2638
2652,PULSO,2639
2653,ESPIO,2640
2654,TUBOS,2641
2655,ORLEM,2642
2656,RUBIS,2643
2657,ENVIO,2644
2658,VELOU,2645
2659,ARDIL,2646
2660,ALCOU,2647
2661,ORNEM,2648
2662,CRAVE,2649
2663,ACUDE,2650
2664,TOQUE,2651
2665,RUBLO,2652
2666,UFANO,2653
2667,EXILO,2654
2668,HUNOS,2655
2669,MEDIR,2656
2670,VIROU,2657
2671,PUSER,2658
2672,ANULE,2659
2673,LUTEI,2660
2674,UTERO,2661
2675,AGUCE,2662
2676,MUDEI,2663
2677,ENFIO,2664
2678,GELOU,2665
2679,AFOBE,2666
2680,PIFEM,2667
2681,ENTRO,2668
2682,CURSE,2669
2683,GIROU,2670
2684,VETOU,2671
2685,COLHI,2672
2686,SUAVE,2673
2687,AJUDE,2674
2688,VIAJE,2675
2689,REUNI,2676
2690,EXIBO,2677
2691,ORCEM,2678
2692,SUPOE,2679
2693,CHIEM,2680
2694,TRACE,2681
2695,ANUIR,2682
2696,LOQUE,2683
2697,SURGE,2684
2698,EXPIO,2685
2699,LIXEM,2686
2700,ADULE,2687
2701,JUNTO,2688
2702,EXIJO,2689
2703,REVIU,2690
2704,FRUIS,2691
2705,GRUDO,2692
2706,POLIU,2693
2707,LICEU,2694
2708,PUNIS,2695
2709,FUMEI,2696
2710,HOUVE,2697
2711,FUCEI,2698
2712,LUXOS,2699
2713,PEGOU,2700
2714,ZELOU,2701
2715,AZULE,2702
2716,ZOMBE,2703
2717,FIZER,2704
2718,UNIMO,2705
2719,CISME,2706
2720,FUNDO,2707
2721,DESCI,2708
2722,UNICO,2709
2723,SUPER,2710
2724,LEGOU,2711
2725,CRISE,2712
2726,DIZER,2713
2727,FOQUE,2714
2728,PEDIR,2715
2729,ADUBE,2716
2730,FIXEM,2717
2731,ANDOU,2718
2732,UIVEM,2719
2733,UNIDO,2720
2734,ELMOS,2721
2735,DIZEM,2722
2736,INSTO,2723
2737,LEVOU,2724
2738,BUNDO,2725
2739,FRASE,2726
2740,RUFEM,2727
2741,CHEGO,2728
2742,CRIME,2729
2743,SEGUI,2730
2744,FUNIS,2731
2745,JOGUE,2732
2746,PUNHO,2733
2747,UMIDO,2734
2748,TRAVE,2735
2749,XELIM,2736
2750,MUGIS,2737
2751,ORDEM,2738
2752,ILESO,2739
2753,VEDOU,2740
2754,CURVE,2741
2755,GRUPO,2742
2756,ZIPER,2743
2757,PIORE,2744
2758,BUXOS,2745
2759,BULIS,2746
2760,ORGEM,2747
2761,SUJEM,2748
2762,FUNGO,2749
2763,CISNE,2750
2764,BRINS,2751
2765,REDIL,2752
2766,LISTE,2753
2767,BRUXO,2754
2768,TENDI,2755
2769,FRADE,2756
2770,VELOZ,2757
2771,VULGO,2758
2772,TOLHI,2759
2773,TRAJE,2760
2774,FURTE,2761
2775,TRAZE,2762
2776,BRAME,2763
2777,OUVIS,2764
2778,JUNCO,2765
2779,FRUEM,2766
2780,DESPI,2767
2781,PULEM,2768
2782,NEGOU,2769
2783,URDIS,2770
2784,PUNEM,2771
2785,TRENS,2772
2786,BRADE,2773
2787,PUXEI,2773
2788,BEMOL,2774
2789,CRIOU,2775
2790,PLENO,2776
2791,CHUTO,2777
2792,CIFRE,2778
2793,TUPIS,2779
2794,MEDIU,2780
2795,GRADE,2781
2796,PENDI,2782
2797,CRIVE,2783
2798,URGIS,2784
2799,NEVOU,2785
2800,ICEMO,2786
2801,DISTE,2787
2802,PRAXE,2788
2803,ACHOU,2789
2804,ADVIR,2790
2805,VISTE,2791
2806,VEXOU,2792
2807,ZUNIS,2793
2808,LUTEM,2794
2809,ADVIM,2795
2810,FRITE,2796
2811,MIGRE,2797
2812,UNEMO,2798
2813,SITUE,2799
2814,USEMO,2800
2815,SILVE,2801
2816,JULGO,2802
2817,BUFEI,2803
2818,TURNE,2804
2819,REFIZ,2805
2820,FENDI,2806
2821,BUCHO,2807
2822,CUIDE,2808
2823,VENCI,2809
2824,PUBIS,2810
2825,GRAVE,2811
2826,CRUEL,2812
2827,CURTI,2813
2828,TURVE,2814
2829,ALGOZ,2815
2830,CINDE,2816
2831,GRITE,2817
2832,VENDI,2818
2833,RIMOU,2819
2834,FUGIS,2820
2835,JULHO,2821
2836,ALUDI,2822
2837,JUNHO,2823
2838,TIGRE,2824
2839,TURBE,2825
2840,FUCEM,2826
2841,PEDIU,2827
2842,OUVEM,2828
2843,PRIME,2829
2844,GRAFE,2830
2845,LUZIS,2831
2846,URDEM,2832
2847,ABOLI,2833
2848,CIUME,2834
2849,PINTE,2835
2850,PUDER,2836
2851,EXPOS,2837
2852,ABLUI,2838
2853,ANZOL,2839
2854,AFLUI,2840
2855,DUPLO,2841
2856,UTEIS,2842
2857,FRISE,2843
2858,OPTEI,2844
2859,ZUMBO,2845
2860,ACUDI,2846
2861,BLEFO,2847
2862,PISOU,2848
2863,CINGE,2849
2864,CUSTE,2850
2865,DUBLO,2851
2866,FUZIS,2852
2867,FUJIS,2853
2868,TRAIU,2854
2869,ZUNEM,2855
2870,QUASE,2856
2871,PETIZ,2857
2872,CITOU,2858
2873,EDUCO,2859
2874,PIXEL,2860
2875,LIVRE,2861
2876,LICOR,2862
2877,CLAME,2863
2878,FINTE,2864
2879,EXUMO,2865
2880,FELIZ,2866
2881,BURLE,2867
2882,FELIX,2868
2883,CLIPS,2869
2884,PRIVE,2870
2885,SURGI,2871
2886,VINTE,2872
2887,VIDRE,2873
2888,HIMEN,2874
2889,BENZI,2875
2890,EMULO,2876
2891,MIOPE,2877
2892,VISOU,2878
2893,CHUPO,2879
2894,ENCHO,2880
2895,MINOU,2881
2896,PUXEM,2882
2897,LUZEM,2883
2898,RIFLE,2884
2899,IMPOS,2885
2900,NIVEL,2886
2901,RIFOU,2887
2902,ISTMO,2888
2903,FRIGE,2889
2904,PINCE,2890
2905,VIBRE,2891
2906,LINCE,2892
2907,UNTEI,2893
2908,CHAME,2894
2909,GRILE,2895
2910,OLHEI,2896
2911,SUPRE,2897
2912,ILUDO,2898
2913,URINE,2899
2914,FUJEM,2900
2915,TUNEL,2901
2916,CROME,2902
2917,QUITE,2903
2918,TINGE,2904
2919,INTUO,2905
2920,BUFEM,2906
2921,NUVEM,2907
2922,FILME,2908
2923,GRIPE,2909
2924,PLUGO,2910
2925,ONTEM,2911
2926,FINDE,2912
2927,BRAMI,2913
2928,GRIFE,2914
2929,CHALE,2915
2930,FLUIS,2916
2931,VINDE,2917
2932,CHAVE,2918
2933,VIGOR,2919
2934,VIOLE,2920
2935,PILHE,2921
2936,FEMUR,2922
2937,HIFEN,2923
2938,OBTER,2924
2939,OPTEM,2925
2940,DEBIL,2926
2941,PICOU,2927
2942,FILOU,2928
2943,OBTEM,2929
2944,INCHO,2930
2945,LIMOU,2931
2946,INCOE,2932
2947,FINGE,2933
2948,FREOU,2934
2949,MULTE,2935
2950,FLUXO,2936
2951,FITOU,2937
2952,LIMPE,2938
2953,SUPOR,2939
2954,MUDEZ,2940
2955,INTER,2941
2956,PICHE,2942
2957,DITOU,2943
2958,LUCRE,2944
2959,OMITE,2945
2960,FICOU,2946
2961,TROCE,2947
2962,PLANE,2948
2963,BROTE,2949
2964,ALGUM,2950
2965,MIJOU,2951
2966,FLUEM,2952
2967,BICOU,2953
2968,LIGUE,2954
2969,FICHE,2955
2970,LIDOU,2956
2971,INALE,2957
2972,JUDIE,2958
2973,ALBUM,2959
2974,INFLO,2960
2975,UNTEM,2961
2976,REDUZ,2962
2977,LIGOU,2963
2978,UNGIS,2964
2979,OLHEM,2965
2980,PNEUS,2966
2981,TUMOR,2967
2982,NUTRE,2968
2983,CRUZE,2969
2984,CUPOM,2970
2985,SEDUZ,2971
2986,SUMIR,2972
2987,PIQUE,2973
2988,PIFOU,2974
2989,PROLE,2975
2990,CULPE,2976
2991,IMPOE,2977
2992,DIGNE,2978
2993,PROVE,2979
2994,CHIOU,2980
2995,CUNHE,2981
2996,LIXOU,2982
2997,TREMI,2983
2998,CHORE,2984
2999,FIQUE,2985
3000,ITENS,2986
3001,PULSE,2987
3002,DIQUE,2988
3003,FIXOU,2989
3004,ILHEM,2990
3005,OXIDE,2991
3006,UFANE,2992
3007,BIQUE,2993
3008,NUDEZ,2994
3009,PREMI,2995
3010,SUPRI,2996
3011,UNGEM,2997
3012,PUDOR,2998
3013,MUNIR,2999
3014,OPINE,3000
3015,SUBIR,3001
3016,JUNTE,3002
3017,FREMI,3003
3018,OBSTE,3004
3019,GRUDE,3005
3020,EVADI,3006
3021,FUNDE,3007
3022,PREVI,3008
3023,OBVIE,3009
3024,ERODI,3010
3025,CUSPI,3011
3026,HUMOR,3012
3027,INSTE,3013
3028,BUNDE,3014
3029,PUNIR,3015
3030,CUPIM,3016
3031,MULTI,3017
3032,FULGE,3018
3033,MUGIR,3019
3034,CHUTE,3020
3035,BULIR,3021
3036,PLOTE,3022
3037,CLONE,3023
3038,SUTIL,3024
3039,OUVIR,3025
3040,NUTRI,3026
3041,EXPUS,3027
3042,PUDIM,3028
3043,PROVI,3029
3044,ZUNIR,3030
3045,CHOVE,3031
3046,ERGUI,3032
3047,ZUMBE,3033
3048,FUGIR,3034
3049,CLUBE,3035
3050,DUBLE,3036
3051,IMPUS,3037
3052,LUZIR,3038
3053,ESTOU,3039
3054,EXPOR,3040
3055,GLOSE,3041
3056,FUJIR,3042
3057,CHUPE,3043
3058,FUNDI,3044
3059,ISOLE,3045
3060,FLORI,3046
3061,INOVE,3047
3062,IMOLE,3048
3063,ILUDE,3049
3064,ICONE,3050
3065,IMPOR,3051
3066,OCUPE,3052
3067,FULGI,3053
3068,FUNIL,3054
3069,ESCOL,3055
3070,FUTIL,3056
3071,IMUNE,3057
3072,INCHE,3058
3073,HINDU,3059
3074,FLUIR,3060
3075,ENFIM,3061
3076,CHOVI,3062
3077,ZUMBI,3063
3078,INFLE,3064
3079,ILHOU,3065
3080,UNGIR,3066
3081,FUZIL,3067
3082,ENCHI,3068
3083,ESQUI,3069
3084,INDUZ,3070
